{
    "train_loss": [
        0.19891229736050767,
        0.1402611614536207,
        0.12713326024207125,
        0.11557260299981034,
        0.10611304589224163,
        0.09986853871368523,
        0.07764485416066111,
        0.07287138424506401,
        0.0660379110409276,
        0.06202298109336203,
        0.06038652314181055,
        0.05779940979794416,
        0.046651097006470056,
        0.04211387537642141,
        0.03971565073880459,
        0.03811697109777349,
        0.0358461518426694,
        0.03348956216232342,
        0.03254803929334542,
        0.03211463715360676
    ],
    "train_acc": [
        93.37477840065162,
        95.28771980259691,
        95.7668535288199,
        96.05313593023813,
        96.36816635522975,
        96.54903933687892,
        97.22461789085334,
        97.47137175985817,
        97.6821905993963,
        97.78760001916535,
        97.81395237410761,
        97.92654879977002,
        98.30027310622394,
        98.4931244310287,
        98.56739015859327,
        98.59134684490441,
        98.65243639499785,
        98.7973743471803,
        98.78659383834028,
        98.77820899813138
    ],
    "val_loss": [
        0.06356915772513246,
        0.026559310999918154,
        0.03549197827458322,
        0.031857855614244694,
        0.03689579944963747,
        0.03249157098217702,
        0.02230483319820656,
        0.009417652184399026,
        0.013119902015821408,
        0.03607356971124612,
        0.021065804183455192,
        0.015157260429781848,
        0.01231256550536566,
        0.00757135693246739,
        0.009844604518694988,
        0.008793293082465337,
        0.010972882254962667,
        0.005989656636712982,
        0.008775104122950354,
        0.004329311314552709
    ],
    "val_acc": [
        97.62396694214875,
        99.17355371900827,
        98.65702479338843,
        99.27685950413223,
        98.65702479338843,
        99.0702479338843,
        99.3801652892562,
        99.6900826446281,
        99.48347107438016,
        98.96694214876032,
        99.27685950413223,
        99.79338842975207,
        99.79338842975207,
        99.79338842975207,
        99.58677685950413,
        99.79338842975207,
        99.79338842975207,
        99.89669421487604,
        99.6900826446281,
        99.89669421487604
    ]
}